County,HHI
经开区,0.5328979686130916
天门市,1.0
蔡甸区,0.5047590719809638
云梦县,0
咸安区,0
青山区,1.0
东西湖区,1.0
孝南区,0
洪山区,1.0
新洲区,0
江夏区,0
Total HHI,0.5080233349545078
