County,HHI
硚口区,1.0
江夏区,0.5133501169093422
大冶市,1.0
江岸区,0.9989904091419244
东西湖区,1.0
经开区,0.9636165874778047
黄陂区,1.0
武昌区,0
鄂州市,0
Total HHI,0.260649180307467
