County,HHI
江夏区,0.06684791622137502
经开区,0.02336988941481952
东西湖区,0.12221759730437995
江岸区,0.26909501608665837
汉阳区,0.34854224058769523
新洲区,0.3570824779615988
硚口区,1.0
洪山区,0.9005666642916248
孝南区,0.5772943667828099
蔡甸区,0.07141203332799224
仙桃市,1.0
武昌区,1.0
黄陂区,0.44923301680058436
咸安区,1.0
云梦县,1.0
青山区,1.0
黄石市区,0
大冶市,0
江汉区,1.0
天门市,0
浠水县,0
Total HHI,0.018533184874926646
